75969,ふんぼ
598527,メリット舞踏中
375096,うなっち
2370019,秋月ミヤ
5209859,ぱらがす
3764501,海馬さん
222280,はせ☆
31783,YOU_naka
4044738,くろ
447167,メピカリ
470827,童顔カルピス・con
2886368,とらいし666
2834321,たちみ
25057,もっけ
567739,伽藍快
6359,まるかた
4556900,ふみちゃん?(´・ー・`)?
104409,さより
660275,Oni-noboru
2422,杉浦線
395882,ぽんねつ
195364,tooo
3771601,フタゴモナド
77858,神谷ともえ
1582042,もじゃりん
361249,とりさん
3667447,唐揚げ弁当
2796147,頼千代
23621,やむっ
414595,レオンの猫
571339,Andrew
1933059,hanetu
156679,”爆乳を描く運命”浅村緋旺裡
365932,甲斐ゆうき
12888,うぃず
7113,YOSHIMO
353,ともみみ しもん
617959,くれりて
346855,yamasan
1946889,Glycyrrhizae
2355110,如月あんず
3195645,きしめん
4520,焔すばる
3390,かねた
1003012,牛ノ首
243408,威未図
1064686,ざん
2781411,えまのん
30795,フタバ
494135,shin
2498961,2007Tourer
2400711,ねこのりん
28838,りかたん☆紅楼夢セ-17ab
209193,ねくた
2385386,ma-yu
117065,隣の愉快犯 夕海
8186490,む～みん（黒）
292644,えふぇ
92891,あめとゆき
12647,しまちよ
4712707,撫狸ぽにあ
199750,ひなももんぬ
685000,えと
4957,リリスラウダ
3933915,**ﾓﾝﾌﾞﾗﾝ**
490219,Hiten
40912,kino
655528,ニック
2874136,翼つばさ
109189,八神
2397243,キンタ
3922908,ありさん
34120,さふぃ
24185,夏海あきら
13600,エクゼター
3957203,zzzz
1446272,モレ
41750,ＤＨＡ
1460659,熊田一司
2387348,LELY
7333,泡沫
166715,ogi
575350,ローラ
341747,朱シオ
232066,希望つばめ
1167548,なまもななせ
41769,紅老林
3051661,クロガネルト
7056147,葉桜サイレント
94883,6U☆紅楼夢サ-15b
123475,トトキチ
824614,イトウ
7123942,Ki
380709,s-syogo／エスショゴ
2686536,弧未都【こみみやこ】
310779,ナズナ
29472,有栖川琴音
518934,Drクリプトソ
970058,七臣ナオミ
8019247,佐久良シモノフ
4751175,lucknight
1336545,とくりと
1048144,水上　砦
1491749,緑青
3794841,ねこレシート
170645,小路あゆむきりょく
19156,河瀬セイキ
380526,ニコ
257542,吉沢
4872213,N.G.
1766526,菜葉　
266106,兔姫★兔肉
1250474,鈍色玄
6751,RYO
251730,ジャイロウ
1518752,ふぇーす
1064669,ヘンシャコ
1140277,gentoku
4056245,霜月
1533598,chro
766376,emily
264932,草草饅
171980,konomi★砲雷撃戦！4
868399,草月　野々乃
146309,鈴井ナルミ
1965383,トイト
8542,田辺京
20352,たては
3019665,463君
1197610,芽愛
221698,クロエ
959635,水原優
4440,Yukian
7367,まにしろうさ
612901,みぐみぐ
29017,かにゃぴぃ
1092517,さざなみみぉ
4041,わざきた
11789,ぷうさん
1023195,七原 八雲
93360,方天戟
4203133,さくま
66906,うにに☆せぶん
492052,ざむでぃん
118535,夏の紅茶
2488305,おでん
1751833,らじー
1236615,やおまい
84659,ミ茶いる
58990,まがめ
1227422,CAEEペンギン
169083,ukyo_rst
488651,ちかど
3135123,Straw
61164,Pちゃん
200530,トム兄
5837522,ぺらぐら
40944,ナツヒコ
174282,酢醤油氏
858217,たちゆれ
1418122,かぴぽぽ
3596054,poppy
27101,エレ茄
1060951,meow
239418,ゆく
1277076,しあん
